Profile Name,Title Name,Country,Utc Title Add Date
Manuel,Project Power,South Africa,2020-08-22
Manuel,Family Feud (South Africa),South Africa,2020-08-21
Manuel,Project Power,South Africa,2020-08-07
Manuel,Family Feud (South Africa),South Africa,2020-08-07
Manuel,Cooked with Cannabis,South Africa,2020-04-30
Manuel,Kevin Hart: Irresponsible,South Africa,2020-01-11
Manuel,Spider-Man: Into the Spider-Verse,United States,2019-09-26
Manuel,Beetlejuice,South Africa,2019-09-26
Manuel,The Walking Dead,South Africa,2019-09-26
Manuel,Rhythm + Flow,South Africa,2019-09-26
Manuel,Stranger Things,South Africa,2019-07-05
Manuel,Memory Games,South Africa,2019-06-30
Manuel,Stranger Things,South Africa,2019-06-22
Manuel,Ghost in the Shell,South Africa,2019-06-22
Manuel,Jeopardy!,South Africa,2019-06-22
Manuel,Johnny English Reborn,South Africa,2019-06-22
Manuel,Motown Magic,South Africa,2019-06-22
Manuel,Shaft,South Africa,2019-06-22
Manuel,Daddy Day Care,South Africa,2019-06-22
Manuel,Mike Epps: Only One Mike,South Africa,2019-06-22
Manuel,NOVA: Prediction by the Numbers,South Africa,2019-06-22
Manuel,Inside Man,South Africa,2018-02-01
Manuel,MINDHUNTER,South Africa,2017-10-25
Manuel,ARQ,South Africa,2017-10-25
Manuel,Yu-Gi-Oh!,United States,2017-09-26
Manuel,Bleach,United States,2017-09-26
Manuel,Pok√©mon the Series: XYZ,United States,2017-09-26
Manuel,Naruto,United States,2017-09-20
Manuel,Donald Glover: Weirdo,United States,2017-09-20
Manuel,Marvel's The Defenders,United States,2017-09-20
Manuel,Stranger Things,United States,2017-09-14
Manuel,How I Met Your Mother,United States,2017-09-03
Manuel,Suits,South Africa,2017-09-03
Antonio,Archer,South Africa,2020-10-27
Antonio,BNA,South Africa,2020-08-06
Antonio,BoJack Horseman,South Africa,2020-07-25
Antonio,BEASTARS,South Africa,2020-07-23
Antonio,The Other Guys,South Africa,2020-07-15
Antonio,Blue Streak,South Africa,2020-07-15
Antonio,American Sniper,South Africa,2020-07-15
Antonio,Wheelman,South Africa,2020-07-15
Antonio,The Crew,South Africa,2020-07-15
Antonio,Police Academy,South Africa,2020-07-15
Antonio,Dragon: The Bruce Lee Story,South Africa,2020-07-15
Antonio,Baby Driver,South Africa,2020-07-15
Antonio,Flight,South Africa,2020-07-14
Antonio,Takers,South Africa,2020-07-14
Antonio,Bodyguard,South Africa,2020-07-14
Antonio,"Roman J. Israel, Esq.",South Africa,2020-06-28
Antonio,Django Unchained,South Africa,2020-06-28
Antonio,Step Brothers,South Africa,2020-06-27
Antonio,Scary Movie 5,South Africa,2020-06-27
Antonio,Blumhouse's Truth or Dare: Extended Director's Cut,South Africa,2020-06-14
Antonio,Go Karts,South Africa,2020-03-21
Antonio,Zoo,South Africa,2020-03-01
Antonio,Secret Obsession,South Africa,2019-10-22
Antonio,Insidious: Chapter 2,South Africa,2019-09-26
Antonio,Big Mouth,South Africa,2019-09-21
Antonio,Knock Knock,South Africa,2019-09-21
Antonio,Top Boy: Summerhouse,South Africa,2019-09-21
Antonio,Family Guy,South Africa,2019-09-21
Antonio,The Spy,South Africa,2019-09-21
Antonio,How I Met Your Mother,South Africa,2019-09-21
Antonio,Narcos,South Africa,2019-09-21
Antonio,Top Boy,South Africa,2019-09-21
Antonio,The Pursuit of Happyness,South Africa,2019-06-02
Antonio,The After Party,South Africa,2019-04-28
Antonio,Pineapple Express,South Africa,2019-04-20
Antonio,The Perfect Date,South Africa,2019-04-14
Antonio,Jane The Virgin,South Africa,2019-02-03
Antonio,Pretty Little Liars,South Africa,2019-02-03
Antonio,FYRE: The Greatest Party That Never Happened,South Africa,2019-01-25
Antonio,The Meyerowitz Stories (New and Selected),South Africa,2018-01-03
Tania,The Innocence Files,South Africa,2020-05-01
Tania,On My Block,South Africa,2020-03-11
Tania,F is for Family,South Africa,2020-03-11
Tania,Jack Whitehall: Travels with My Father,South Africa,2019-12-30
Tania,Rush Hour 3,South Africa,2019-12-30
Tania,Nailed It! Holiday!,South Africa,2019-12-30
Tania,6 Underground,South Africa,2019-12-30
Tania,Holiday Rush,South Africa,2019-11-19
Tania,A Christmas Prince: The Royal Baby,South Africa,2019-11-02
Tania,The Knight Before Christmas,South Africa,2019-11-02
Tania,I'm in Love with a Church Girl,South Africa,2019-10-08
Tania,Trevor Noah: Son of Patricia,South Africa,2019-10-08
Tania,Queer Eye,South Africa,2019-10-08
Tania,The Client List,South Africa,2019-10-08
Tania,Countdown to Death: Pablo Escobar,South Africa,2019-10-08
Tania,About Last Night,South Africa,2019-10-08
Tania,New York Minute,South Africa,2019-10-08
Tania,Full House,South Africa,2019-10-08
Tania,13 Reasons Why: Beyond the Reasons,South Africa,2019-10-08
Tania,Atelier,South Africa,2019-10-08
Christy,Emily in Paris,South Africa,2020-10-20
Christy,Girls Trip,South Africa,2019-10-19
Christy,100% Hotter,South Africa,2019-08-14
Christy,Selling Sunset,South Africa,2019-07-25
Christy,Nailed It!,South Africa,2019-05-18
Christy,Altered Carbon,South Africa,2018-03-19
Christy,#realityhigh,South Africa,2017-12-12
Christy,Haters Back Off,South Africa,2017-12-06
Christy,Bad Education,South Africa,2017-12-06
